x,y005,y001,y0001
5,0.162,0.0259,0.00214
6,0.22,0.0461,0.00566
7,0.0719,0.0117,0.00116
8,0.103,0.0206,0.00272
9,0.138,0.0328,0.00537
10,0.176,0.0483,0.0013
11,0.0672,0.0152,0.00251
12,0.0894,0.0229,0.00439
13,0.115,0.0328,0.00119
14,0.142,0.0449,0.00207
15,0.0594,0.016,0.00338
16,0.0762,0.0224,0.00525
17,0.0953,0.0304,0.00162
18,0.117,0.0111,0.00253
19,0.0514,0.0154,0.00381
20,0.0645,0.0208,0.00123
21,0.0794,0.0272,0.00186
22,0.096,0.035,0.00274
23,0.114,0.0143,0.000913
24,0.134,0.0187,0.00136
25,0.0663,0.024,0.00197
26,0.0796,0.0303,0.00277
27,0.0943,0.0129,0.00383
28,0.11,0.0166,0.00141
29,0.128,0.0209,0.00196
30,0.0663,0.0261,0.00269
31,0.0782,0.032,0.00362
32,0.0913,0.0145,0.00139
33,0.106,0.0181,0.00189
34,0.121,0.0224,0.00253
35,0.0651,0.0273,0.00334
36,0.0759,0.0127,0.00435
37,0.0876,0.0157,0.00178
38,0.1,0.0192,0.00234
39,0.0544,0.0232,0.00304
40,0.0633,0.011,0.00125
41,0.0731,0.0135,0.00165
42,0.0837,0.0164,0.00214
43,0.0952,0.0197,0.000884
44,0.108,0.0236,0.00348
45,0.0611,0.0116,0.0015
46,0.07,0.014,0.00193
47,0.0796,0.0168,0.00245
48,0.0901,0.02,0.00106
49,0.101,0.00996,0.00136
50,0.0587,0.012,0.00173
51,0.0668,0.0143,0.00217
52,0.0756,0.017,0.00271
53,0.0851,0.02,0.00336
54,0.0953,0.0234,0.00154
55,0.106,0.0273,0.00192
56,0.0636,0.0144,0.00238
57,0.0716,0.017,0.00293
58,0.0803,0.0198,0.00136
59,0.0897,0.0104,0.00169
60,0.0996,0.0123,0.00208
61,0.0604,0.0144,0.00255
62,0.0678,0.0168,0.0031
63,0.0758,0.0195,0.00148
64,0.0843,0.0225,0.00182
65,0.0935,0.0259,0.00222
66,0.0573,0.0143,0.00269
67,0.0641,0.0165,0.00324
68,0.0714,0.0191,0.00158
69,0.0793,0.0104,0.00192
70,0.0877,0.0121,0.00232
71,0.0966,0.014,0.00279
72,0.0606,0.0162,0.00138
73,0.0673,0.0186,0.00167
74,0.0746,0.0212,0.002
75,0.0823,0.0242,0.0024
76,0.0905,0.0137,0.00119
77,0.0993,0.0158,0.00144
78,0.0635,0.018,0.00173
79,0.0701,0.0205,0.00207
80,0.0773,0.0117,0.00104
81,0.0849,0.0263,0.00291
82,0.0929,0.0153,0.00343
83,0.0598,0.0174,0.00178
84,0.066,0.0198,0.00211
85,0.0726,0.0223,0.0025
86,0.0796,0.013,0.00129
87,0.0871,0.0148,0.00153
88,0.0949,0.0168,0.00181
89,0.0621,0.019,0.00214
90,0.0682,0.0214,0.00111
91,0.0747,0.0241,0.00295
92,0.0816,0.0143,0.00343
93,0.0889,0.0162,0.00184
94,0.0584,0.0182,0.00215
95,0.0641,0.0205,0.00113
96,0.0701,0.023,0.00134
97,0.0765,0.0138,0.00157
98,0.0833,0.0155,0.00185
99,0.0905,0.0175,0.00216
100,0.0603,0.0196,0.00115
101,0.0659,0.0219,0.00291
102,0.0718,0.0132,0.00158
103,0.0781,0.0149,0.00185
104,0.0848,0.0167,0.00215
105,0.0918,0.0187,0.00511
106,0.0619,0.0209,0.00288
107,0.0674,0.0127,0.00158
108,0.0733,0.0143,0.00184
109,0.0795,0.016,0.00213
110,0.086,0.0178,0.00116
111,0.0929,0.0199,0.00283
112,0.0633,0.0221,0.00325
113,0.0688,0.0136,0.00182
114,0.0745,0.0153,0.0021
115,0.0806,0.017,0.00242
116,0.087,0.0189,0.00135
117,0.0595,0.0117,0.00156
118,0.0646,0.0232,0.00363
119,0.0699,0.0145,0.00207
120,0.0756,0.0162,0.00237
121,0.0816,0.018,0.00272
122,0.0879,0.0199,0.0031
123,0.0606,0.0125,0.00177
124,0.0657,0.0139,0.00203
125,0.071,0.0154,0.00232
126,0.0765,0.0171,0.00132
127,0.0824,0.0189,0.00151
128,0.0886,0.0209,0.00174
129,0.0951,0.023,0.00199
130,0.0666,0.0147,0.00227
131,0.0718,0.0162,0.0013
132,0.0773,0.0179,0.00149
133,0.0831,0.0198,0.00332
134,0.0892,0.0218,0.00194
135,0.0955,0.0239,0.00221
136,0.0674,0.0154,0.00127
137,0.0726,0.017,0.00284
138,0.078,0.0187,0.00166
139,0.0837,0.012,0.00189
140,0.0896,0.0226,0.00215
141,0.0958,0.0146,0.00124
142,0.0682,0.0161,0.00142
143,0.0732,0.0178,0.00162
144,0.0785,0.0195,0.00184
145,0.0841,0.0214,0.00208
146,0.09,0.0139,0.00122
147,0.064,0.0153,0.00138
148,0.0688,0.0168,0.00157
149,0.0738,0.0185,0.00178
150,0.079,0.012,0.00202
151,0.0845,0.0132,0.00119
152,0.0902,0.0145,0.00135
153,0.0646,0.0159,0.00289
154,0.0693,0.0175,0.00173
155,0.0742,0.0191,0.000512
156,0.0794,0.0125,0.00406
157,0.0847,0.0228,0.00131
158,0.0904,0.0151,0.00505
159,0.0651,0.0165,0.00311
160,0.0697,0.0181,0.00189
161,0.0746,0.0197,0.00212
162,0.0796,0.0215,0.00238
163,0.0849,0.0143,0.00267
164,0.0904,0.0156,0.000847
165,0.0656,0.0171,0.00182
166,0.0701,0.0187,0.00204
167,0.0748,0.0123,0.00123
168,0.0798,0.0221,0.00257
169,0.085,0.0148,0.00156
170,0.0904,0.0162,0.000933
171,0.0659,0.0176,0.00197
172,0.0704,0.0192,0.0022
173,0.0751,0.0209,0.00134
174,0.0799,0.014,0.00275
175,0.085,0.0153,0.00169
176,0.0904,0.0167,0.00189
177,0.0662,0.0181,0.00212
178,0.0706,0.0197,0.00129
179,0.0752,0.0132,0.00145
180,0.08,0.0232,0.00293
181,0.085,0.0157,0.00182
182,0.0623,0.0171,0.00203
183,0.0664,0.0186,0.00125
184,0.0708,0.0202,0.00252
185,0.0753,0.0137,0.00156
186,0.08,0.0149,0.000952
187,0.0849,0.0162,0.00195
188,0.0625,0.0176,0.0012
189,0.0666,0.0191,0.00241
190,0.0709,0.0129,0.00268
191,0.0753,0.0141,0.00167
192,0.08,0.0153,0.00103
193,0.0848,0.0166,0.00208
194,0.0627,0.018,0.00129
195,0.0667,0.0195,0.00256
196,0.0709,0.0211,0.00161
197,0.0753,0.0144,0.00314
198,0.0799,0.0157,0.00199
199,0.0846,0.017,0.00124
200,0.0628,0.0184,0.00138
201,0.0668,0.0126,0.00154
202,0.0709,0.0137,0.00171
203,0.0752,0.0148,0.0033
204,0.0797,0.016,0.00119
205,0.0844,0.0174,0.00233
206,0.0629,0.0188,0.00258
207,0.0668,0.0203,0.00164
208,0.0709,0.014,0.00182
209,0.0751,0.0152,0.00201
210,0.0796,0.0164,0.00223
211,0.0842,0.0177,0.00246
212,0.063,0.0191,0.00157
213,0.0939,0.0206,0.003
214,0.0708,0.0222,0.0033
215,0.075,0.0155,0.00213
216,0.0794,0.0167,0.00135
217,0.0839,0.018,0.0015
218,0.063,0.0125,0.000941
219,0.0668,0.0135,0.00183
220,0.0707,0.0146,0.00345
221,0.0748,0.0158,0.00224
222,0.0791,0.017,0.00143
223,0.0836,0.0183,0.00158
224,0.0882,0.0197,0.00298
225,0.0667,0.0212,0.00193
226,0.0706,0.0149,0.00123
227,0.0746,0.0161,0.00137
228,0.0788,0.0173,0.00258
229,0.0832,0.0186,0.00284
230,0.0629,0.02,0.00184
231,0.0925,0.0215,0.00203
232,0.0704,0.0152,0.00223
233,0.0744,0.0163,0.000827
234,0.0785,0.0176,0.00159
235,0.0829,0.0123,0.000577
236,0.0873,0.0133,0.00193
237,0.0664,0.0143,0.00125
238,0.0702,0.0154,0.00233
239,0.0741,0.0166,0.00256
240,0.0782,0.0178,0.000972
241,0.0825,0.0191,0.00184
242,0.0869,0.0205,0.00336
243,0.0663,0.0146,0.00131
244,0.07,0.0157,0.00243
245,0.0739,0.0168,0.000929
246,0.0779,0.0181,0.00175
247,0.082,0.0194,0.00113
248,0.0864,0.0208,0.00348
249,0.0661,0.0148,0.00138
250,0.0698,0.0238,0.00253
251,0.0736,0.0171,0.00277
252,0.0775,0.0121,0.00183
253,0.0816,0.013,0.00201
254,0.0859,0.021,0.0022
255,0.0659,0.015,0.00144
256,0.0695,0.0161,0.00158
257,0.0732,0.0173,0.00103
258,0.0771,0.0185,0.00191
259,0.0812,0.0198,0.00209
260,0.0853,0.0212,0.00137
261,0.0656,0.0152,0.00151
262,0.0692,0.0163,0.00165
263,0.0729,0.0175,0.00181
264,0.0767,0.0187,0.00119
265,0.0807,0.0134,0.00217
266,0.0848,0.0143,0.00143
267,0.0654,0.0154,0.00258
268,0.0689,0.0165,0.00282
269,0.0725,0.0176,0.00307
270,0.0763,0.0189,0.00206
271,0.0802,0.0202,0.00225
272,0.0843,0.0145,0.00245
273,0.0884,0.0156,0.00163
274,0.0686,0.0167,0.00179
275,0.0722,0.0178,0.00195
276,0.0759,0.019,0.00213
277,0.0797,0.0203,0.00142
278,0.0837,0.0147,0.00155
279,0.0648,0.0157,0.00276
280,0.0682,0.0168,0.00185
281,0.0718,0.018,0.00202
282,0.0754,0.0192,0.00221
283,0.0792,0.0205,0.0024
284,0.0831,0.0148,0.00261
285,0.0872,0.0159,0.00107
286,0.0679,0.017,0.00117
287,0.0714,0.0181,0.00128
288,0.075,0.0193,0.0014
289,0.0787,0.0206,0.00153
290,0.0826,0.015,0.00102
291,0.0865,0.0233,0.00182
292,0.0675,0.0171,0.00198
293,0.071,0.0182,0.00216
294,0.0745,0.0194,0.00235
295,0.0782,0.0207,0.00255
296,0.082,0.0151,0.00173
297,0.0639,0.0161,0.00188
298,0.09,0.0172,0.00205
299,0.0705,0.0184,0.00222
300,0.074,0.0196,0.00242
301,0.0776,0.0143,0.00262
302,0.0814,0.0153,0.00284
303,0.0636,0.0163,0.0012
304,0.0668,0.0173,0.00211
305,0.0701,0.0185,0.00143
306,0.0735,0.0197,0.00248
307,0.0771,0.0209,0.00169
308,0.0808,0.0222,0.00292
309,0.0846,0.0164,0.00124
310,0.0885,0.0174,0.00217
311,0.0697,0.0186,0.00147
312,0.0731,0.0198,0.0016
313,0.0766,0.0145,0.00276
314,0.0802,0.0223,0.00299
315,0.0839,0.0237,0.00323
316,0.0878,0.0251,0.00223
317,0.0692,0.0187,0.00241
318,0.0726,0.0198,0.00165
319,0.076,0.0211,0.00179
320,0.0796,0.0156,0.00306
321,0.0833,0.0166,0.00211
322,0.0656,0.0121,0.00144
323,0.0688,0.0187,0.00247
324,0.072,0.0199,0.00268
325,0.0755,0.0147,0.00184
326,0.079,0.0157,0.00312
327,0.0826,0.0167,0.00216
328,0.0652,0.0177,0.00234
329,0.0683,0.0188,0.00253
330,0.0715,0.02,0.00175
331,0.0749,0.0148,0.00119
332,0.0784,0.0157,0.00205
333,0.0819,0.0167,0.00222
334,0.0856,0.0178,0.0024
335,0.0678,0.0189,0.00259
336,0.071,0.02,0.00179
337,0.0743,0.0149,0.00194
338,0.0777,0.0158,0.0021
339,0.0813,0.0168,0.00227
340,0.0849,0.0178,0.00245
341,0.0674,0.0189,0.00265
342,0.0705,0.0201,0.00116
343,0.0738,0.015,0.00199
344,0.0771,0.0159,0.00332
345,0.0806,0.0117,0.00232
346,0.0842,0.0179,0.0025
347,0.0879,0.019,0.0027
348,0.07,0.0201,0.0012
349,0.0732,0.015,0.00203
350,0.0765,0.0159,0.0022
351,0.0799,0.0169,0.00237
352,0.0835,0.0179,0.00165
353,0.0871,0.019,0.00178
354,0.0695,0.0202,0.00123
355,0.0726,0.0213,0.00208
356,0.0759,0.016,0.00224
357,0.0793,0.017,0.00242
358,0.0827,0.018,0.00261
359,0.0863,0.0191,0.00182
360,0.0689,0.0143,0.00126
361,0.072,0.0213,0.00212
362,0.0753,0.016,0.00229
363,0.0786,0.017,0.0016
364,0.082,0.018,0.0011
365,0.0654,0.0191,0.00186
366,0.0892,0.0202,0.00201
367,0.0715,0.0152,0.00217
368,0.0746,0.0161,0.00151
369,0.0779,0.0238,0.0038
370,0.0813,0.0181,0.00176
371,0.0848,0.0191,0.0019
372,0.0883,0.0202,0.00312
373,0.0709,0.0214,0.00335
374,0.074,0.0161,0.00359
375,0.0772,0.0171,0.00256
376,0.0806,0.0128,0.0018
377,0.084,0.0191,0.00125
378,0.0673,0.0144,0.00136
379,0.0703,0.0152,0.00225
380,0.0734,0.0162,0.00242
381,0.0766,0.0171,0.0026
382,0.0799,0.0128,0.00183
383,0.0832,0.0191,0.00198
384,0.0867,0.0144,0.00213
385,0.0903,0.0153,0.00149
386,0.0728,0.0225,0.00246
387,0.0759,0.0171,0.00264
388,0.0791,0.0181,0.00187
389,0.0825,0.0191,0.00201
390,0.0859,0.0202,0.00216
391,0.0692,0.0153,0.00232
392,0.0722,0.0162,0.0025
393,0.0752,0.0171,0.004
394,0.0784,0.0181,0.0019
395,0.0817,0.0191,0.00205
396,0.0657,0.0145,0.00144
397,0.0686,0.0213,0.00236
398,0.0715,0.0162,0.00378
399,0.0746,0.0171,0.00272
400,0.0777,0.0181,0.00194
401,0.0809,0.0191,0.00137
402,0.0843,0.0145,0.00147
403,0.068,0.0153,0.0024
404,0.0709,0.0162,0.00257
405,0.0739,0.0236,0.00183
406,0.077,0.0181,0.00197
407,0.0802,0.0191,0.00139
408,0.0835,0.0201,0.00227
409,0.0868,0.0212,0.00161
410,0.0703,0.0162,0.00173
411,0.0733,0.0236,0.00186
412,0.0763,0.0181,0.002
413,0.0795,0.0191,0.0032
414,0.0827,0.0201,0.00342
415,0.086,0.0153,0.00366
416,0.0894,0.0162,0.00176
417,0.0929,0.0171,0.00189
418,0.0756,0.0181,0.00203
419,0.0787,0.019,0.00144
420,0.0819,0.0201,0.00155
421,0.0663,0.0153,0.00167
422,0.0885,0.0162,0.00267
423,0.072,0.0171,0.00127
424,0.0749,0.018,0.00306
425,0.078,0.019,0.00221
426,0.0811,0.02,0.00236
427,0.0843,0.0211,0.00253
428,0.0685,0.0162,0.00182
429,0.0713,0.0171,0.00129
430,0.0742,0.018,0.00209
431,0.0772,0.019,0.0033
432,0.0803,0.0145,0.00239
433,0.0835,0.0153,0.00172
434,0.0868,0.0162,0.00274
435,0.0901,0.0171,0.00197
436,0.0736,0.018,0.00141
437,0.0765,0.0189,0.00226
438,0.0796,0.0145,0.00242
439,0.0827,0.021,0.00174
440,0.0859,0.0221,0.00187
441,0.0892,0.017,0.00296
442,0.0729,0.0179,0.00214
443,0.0758,0.0189,0.00229
444,0.0788,0.0199,0.00245
445,0.0819,0.0209,0.00177
446,0.0851,0.0161,0.00126
447,0.0694,0.017,0.00203
448,0.0917,0.0179,0.00217
449,0.0751,0.0189,0.00232
450,0.078,0.0198,0.00248
451,0.0811,0.0209,0.00179
452,0.0842,0.0161,0.00282
453,0.0688,0.017,0.00205
454,0.0715,0.0179,0.00321
455,0.0744,0.0188,0.00234
456,0.0773,0.0198,0.0025
457,0.0803,0.0153,0.00181
458,0.0834,0.0161,0.00285
459,0.0866,0.0169,0.00207
460,0.0898,0.0178,0.00468
461,0.0737,0.0188,0.0016
462,0.0765,0.0145,0.00171
463,0.0795,0.0207,0.00123
464,0.0825,0.0161,0.00196
465,0.0857,0.0169,0.000943
466,0.0889,0.0178,0.00326
467,0.073,0.0187,0.00162
468,0.0758,0.0144,0.00173
469,0.0787,0.0207,0.00272
470,0.0817,0.0217,0.0029
471,0.0848,0.0169,0.00143
472,0.088,0.0177,0.00153
473,0.0723,0.0186,0.00164
474,0.0751,0.0196,0.00175
475,0.0779,0.0152,0.00188
476,0.0809,0.016,0.002
477,0.084,0.0168,0.00145
478,0.0689,0.0177,0.00104
479,0.0903,0.0186,0.00352
480,0.0743,0.0195,0.00259
481,0.0772,0.0205,0.00189
482,0.0801,0.0215,0.00294
483,0.0831,0.0168,0.00216
484,0.0682,0.0176,0.0023
485,0.0893,0.0185,0.00245
486,0.0736,0.0144,0.00179
487,0.0764,0.0151,0.00191
488,0.0793,0.0214,0.00204
489,0.0823,0.0225,0.00315
490,0.0853,0.0176,0.00107
491,0.0884,0.0184,0.00247
492,0.0729,0.0194,0.00263
493,0.0949,0.0203,0.00193
494,0.0785,0.0213,0.00427
495,0.0814,0.0167,0.0015
496,0.0844,0.0175,0.00109
497,0.0875,0.0184,0.00171
498,0.0722,0.0193,0.00183
499,0.0939,0.0202,0.00133
500,0.0777,0.0158,0.00142
501,0.0806,0.0166,0.00319
502,0.0836,0.0174,0.00162
503,0.0866,0.0183,0.00251
504,0.0897,0.0192,0.00184
505,0.0742,0.0202,0.00284
506,0.0769,0.0157,0.00302
507,0.0798,0.0222,0.00223
508,0.0827,0.0174,0.00164
509,0.0857,0.0182,0.00174
510,0.0708,0.0191,0.00269
511,0.0919,0.0149,0.00198
512,0.0762,0.0157,0.00211
513,0.079,0.022,0.00225
514,0.0818,0.0231,0.00343
515,0.0848,0.0182,0.00254
516,0.0701,0.019,0.00188
517,0.0727,0.0149,0.002
518,0.0754,0.0209,0.00213
519,0.0782,0.0219,0.00226
520,0.081,0.0172,0.00344
521,0.0839,0.0181,0.00177
522,0.0694,0.019,0.00272
523,0.072,0.0148,0.00139
524,0.0931,0.0208,0.00214
525,0.0774,0.0164,0.00158
526,0.0802,0.0172,0.00168
527,0.083,0.018,0.00179
528,0.086,0.0189,0.0019
529,0.089,0.0198,0.0014
530,0.0739,0.0207,0.00216
531,0.0766,0.0217,0.00229
532,0.0793,0.0227,0.00169
533,0.0822,0.0179,0.0018
534,0.0851,0.0188,0.00275
535,0.0881,0.0197,0.00204
536,0.0731,0.0206,0.00217
537,0.0758,0.0216,0.00231
538,0.0785,0.017,0.00245
539,0.0813,0.0178,0.0026
540,0.0842,0.0187,0.00276
541,0.0871,0.0196,0.00142
542,0.0724,0.0154,0.00152
543,0.075,0.0215,0.00232
544,0.0777,0.0169,0.00172
545,0.0805,0.0177,0.00183
546,0.0833,0.0186,0.00277
547,0.0862,0.0146,0.00143
548,0.0892,0.0204,0.00312
549,0.0743,0.0161,0.00163
550,0.0769,0.0223,0.0035
551,0.0796,0.0233,0.00263
552,0.0824,0.0185,0.00279
553,0.0853,0.0194,0.00208
554,0.071,0.0203,0.00313
555,0.0735,0.016,0.00234
556,0.0761,0.0168,0.00249
557,0.0788,0.0232,0.00264
558,0.0816,0.0184,0.00197
559,0.0844,0.0193,0.00578
560,0.0702,0.0152,0.00155
561,0.0728,0.0159,0.00165
562,0.0754,0.0167,0.00121
563,0.078,0.0175,0.00186
564,0.0807,0.0183,0.00198
565,0.0835,0.0192,0.0021
566,0.0695,0.0151,0.00223
567,0.0893,0.021,0.00333
568,0.0746,0.0166,0.00176
569,0.0772,0.0229,0.00266
570,0.0799,0.0182,0.00282
571,0.0826,0.019,0.00211
572,0.0854,0.0199,0.00157
573,0.0713,0.0158,0.00167
574,0.0738,0.0165,0.00252
575,0.0764,0.0173,0.00188
576,0.079,0.0181,0.00282
577,0.0818,0.0189,0.00212
578,0.0845,0.0198,0.00158
579,0.0874,0.0157,0.00238
580,0.0731,0.0216,0.00252
581,0.0756,0.0172,0.00189
582,0.0782,0.018,0.002
583,0.0809,0.0188,0.00149
584,0.0836,0.0197,0.00317
585,0.0864,0.0206,0.00168
586,0.0893,0.0215,0.00179
587,0.0748,0.0171,0.00268
588,0.0953,0.0179,0.00284
589,0.08,0.0187,0.00213
590,0.0827,0.0196,0.00159
591,0.0855,0.0204,0.00169
592,0.0716,0.0214,0.0018
593,0.0913,0.017,0.00191
594,0.0766,0.0178,0.00142
595,0.0792,0.0186,0.00214
596,0.0819,0.0194,0.00227
597,0.0846,0.0154,0.00119
598,0.0874,0.0212,0.00255
599,0.0733,0.0169,0.00191
600,0.0758,0.0177,0.00285
601,0.0784,0.014,0.00152
602,0.081,0.0193,0.00228
603,0.0837,0.0154,0.00171
604,0.0865,0.0211,0.00181
605,0.0725,0.0168,0.00192
606,0.0922,0.023,0.00204
607,0.0775,0.0184,0.00152
608,0.0801,0.0192,0.00228
609,0.0828,0.0201,0.00121
610,0.0855,0.016,0.000892
611,0.0883,0.0219,0.00376
612,0.0742,0.0175,0.00101
613,0.0767,0.0183,0.00153
614,0.0793,0.0145,0.00229
615,0.0819,0.0199,0.00242
616,0.0846,0.0159,0.00256
617,0.0874,0.0217,0.00193
618,0.0734,0.0174,0.00286
619,0.0759,0.0181,0.00418
620,0.0785,0.019,0.000799
621,0.0811,0.0151,0.00243
622,0.0837,0.0207,0.00183
623,0.0864,0.0165,0.00194
624,0.0727,0.0173,0.00146
625,0.0921,0.018,0.00217
626,0.0776,0.0188,0.0032
627,0.0802,0.0197,0.00243
628,0.0828,0.0205,0.00257
629,0.0855,0.0164,0.00138
630,0.0719,0.0172,0.00206
631,0.0743,0.0179,0.00155
632,0.0939,0.0243,0.0032
633,0.0793,0.0195,0.000862
634,0.0819,0.0204,0.00257
635,0.0846,0.0163,0.00272
636,0.0873,0.017,0.00206
637,0.0736,0.0178,0.00303
638,0.076,0.0186,0.0032
639,0.0958,0.0194,0.00244
640,0.0811,0.0155,0.00185
641,0.0837,0.0211,0.00139
642,0.0864,0.0169,0.00287
643,0.0891,0.0177,0.00156
644,0.0919,0.0141,0.00165
645,0.0777,0.0193,0.000872
646,0.0977,0.0201,0.00258
647,0.0828,0.0209,0.00272
648,0.0854,0.0218,0.00287
649,0.0881,0.0228,0.00219
650,0.0909,0.0237,0.00231
651,0.0768,0.0191,0.00244
652,0.0793,0.0153,0.00185
653,0.0819,0.0268,0.00375
654,0.0845,0.0217,0.00395
655,0.0872,0.0174,0.00303
656,0.0899,0.0182,0.00232
657,0.0927,0.019,0.000881
658,0.0785,0.0198,0.00132
659,0.081,0.0159,0.00196
660,0.0836,0.0166,0.00105
661,0.0862,0.0173,0.00157
662,0.0889,0.0181,0.00232
663,0.0917,0.0189,0.00125
664,0.0777,0.0197,0.00258
665,0.0801,0.0158,0.00272
666,0.0827,0.0214,0.00208
667,0.0853,0.0172,0.0022
668,0.088,0.0232,0.00319
669,0.0907,0.0187,0.00337
670,0.0935,0.0195,0.00186
671,0.0793,0.0203,0.00197
672,0.0818,0.0164,0.00287
673,0.0844,0.0221,0.00303
674,0.087,0.0178,0.00319
675,0.0897,0.0186,0.00177
676,0.0924,0.0194,0.00354
677,0.0784,0.0202,0.00197
678,0.0809,0.0163,0.00287
679,0.0835,0.0219,0.00158
680,0.0861,0.0177,0.00232
681,0.0887,0.0185,0.00336
682,0.0752,0.0192,0.00258
683,0.0776,0.02,0.00272
684,0.0801,0.0209,0.0015
685,0.0826,0.0217,0.0022
686,0.0851,0.0176,0.00168
687,0.0878,0.0183,0.00245
688,0.0904,0.0191,0.00187
689,0.0932,0.0199,0.00197
690,0.0792,0.0207,0.00208
691,0.0817,0.0216,0.0022
692,0.0842,0.0174,0.00232
693,0.0868,0.0182,0.00245
694,0.0894,0.0189,0.00258
695,0.076,0.0197,0.00371
696,0.0783,0.0206,0.00286
697,0.0808,0.0214,0.0022
698,0.0833,0.0223,0.00318
699,0.0859,0.0232,0.00245
700,0.0885,0.0188,0.00187
701,0.0911,0.0152,0.00198
702,0.0775,0.0158,0.00151
703,0.0799,0.0212,0.0022
704,0.0824,0.0221,0.00232
705,0.0849,0.023,0.00334
706,0.0875,0.0187,0.00187
707,0.0743,0.0194,0.00271
708,0.0928,0.0202,0.00151
709,0.0791,0.0211,0.00301
710,0.0815,0.0171,0.00232
711,0.084,0.0228,0.0045
712,0.0866,0.0185,0.00187
713,0.0892,0.0193,0.00271
714,0.0918,0.0201,0.00285
715,0.0782,0.0163,0.00115
716,0.0806,0.0217,0.00232
717,0.0831,0.0177,0.00178
718,0.0856,0.0235,0.00257
719,0.0882,0.0191,0.00367
720,0.075,0.0199,0.00208
721,0.0774,0.0207,0.0022
722,0.0798,0.0216,0.00168
723,0.0822,0.0224,0.00178
724,0.0847,0.0182,0.00187
725,0.0872,0.019,0.00197
726,0.0898,0.0198,0.00208
727,0.0925,0.016,0.00219
728,0.0952,0.0167,0.00121
729,0.0813,0.0174,0.00178
730,0.0838,0.0181,0.00256
731,0.0863,0.024,0.00197
732,0.0888,0.0196,0.00208
733,0.0757,0.0204,0.00298
734,0.0781,0.0166,0.00168
735,0.0804,0.0221,0.00243
736,0.0829,0.0229,0.000976
737,0.0705,0.0187,0.00269
738,0.0727,0.0152,0.00208
739,0.0749,0.0158,0.00219
740,0.0931,0.021,0.00168
741,0.0958,0.0171,0.00243
742,0.082,0.0178,0.00255
743,0.0844,0.0185,0.00269
744,0.0869,0.0193,0.00109
745,0.0895,0.0201,0.00219
746,0.0921,0.0209,0.00312
747,0.0787,0.017,0.00177
748,0.0811,0.0177,0.00255
749,0.0835,0.0184,0.00268
750,0.086,0.0191,0.0038
751,0.0885,0.0199,0.00296
752,0.0911,0.0207,0.0023
753,0.0937,0.0169,0.00327
754,0.0802,0.0175,0.00344
755,0.0826,0.0183,0.00143
756,0.085,0.0148,0.00207
757,0.0875,0.0197,0.00218
758,0.0901,0.0205,0.00311
759,0.077,0.0213,0.00326
760,0.0793,0.0174,0.000981
761,0.0817,0.0181,0.00143
762,0.0841,0.0188,0.00281
763,0.0866,0.0196,0.00295
764,0.074,0.0204,0.00168
765,0.0762,0.0166,0.00177
766,0.0785,0.022,0.00253
767,0.0808,0.0228,0.00266
768,0.0832,0.0187,0.0028
769,0.0856,0.0194,0.00159
770,0.0881,0.0255,0.00168
771,0.0754,0.021,0.0024
772,0.0933,0.0218,0.0034
773,0.0799,0.0178,0.00143
774,0.0823,0.0185,0.00279
775,0.0847,0.0244,0.00217
776,0.0872,0.02,0.00168
777,0.0897,0.0208,0.0024
778,0.0922,0.0216,0.00252
779,0.0791,0.0224,0.00356
780,0.0814,0.0233,0.00278
781,0.0838,0.0191,0.00216
782,0.0862,0.0156,0.00228
783,0.0887,0.0206,0.00239
784,0.0912,0.0214,0.00338
785,0.0938,0.0222,0.00355
786,0.0805,0.0182,0.00277
787,0.0829,0.024,0.00216
788,0.0853,0.0197,0.00227
789,0.0877,0.0204,0.00321
790,0.0902,0.0212,0.00251
791,0.0774,0.022,0.00263
792,0.0797,0.0229,0.00277
793,0.082,0.0188,0.00215
794,0.0844,0.0195,0.00226
795,0.0868,0.0203,0.00129
796,0.0893,0.0166,0.0025
797,0.0918,0.0219,0.00468
798,0.0943,0.0179,0.00204
799,0.097,0.0186,0.00289
800,0.0996,0.0193,0.00226
801,0.0858,0.0158,0.00319
802,0.0883,0.0165,0.00184
803,0.0908,0.0217,0.00351
804,0.078,0.0178,0.00204
805,0.0802,0.0185,0.00158
806,0.0825,0.0192,0.00122
807,0.0849,0.0199,0.00237
808,0.0873,0.0163,0.00333
809,0.0749,0.017,0.00349
810,0.0923,0.0223,0.00203
811,0.0794,0.0183,0.00287
812,0.0816,0.019,0.00402
813,0.084,0.0198,0.00175
814,0.0864,0.0205,0.00248
815,0.0888,0.0213,0.00193
816,0.0763,0.0221,0.00364
817,0.0785,0.0182,0.00157
818,0.0808,0.0189,0.00166
819,0.0831,0.0196,0.00174
820,0.0854,0.0161,0.00183
821,0.0878,0.0167,0.00346
822,0.0903,0.0219,0.00202
823,0.0928,0.0227,0.00285
824,0.0799,0.0187,0.00299
825,0.0822,0.0194,0.00314
826,0.0845,0.0201,0.00329
827,0.0869,0.0165,0.00258
828,0.0893,0.0172,0.00271
829,0.0918,0.0225,0.00284
830,0.0943,0.0185,0.00121
831,0.0813,0.0192,0.00173
832,0.0836,0.02,0.00245
833,0.0859,0.0207,0.00192
834,0.0883,0.0215,0.00109
835,0.0908,0.0177,0.00283
836,0.0782,0.0184,0.00297
837,0.0804,0.0191,0.00233
838,0.0827,0.0248,0.00244
839,0.085,0.0205,0.00256
840,0.0874,0.0213,0.00201
841,0.0898,0.0175,0.00211
842,0.0923,0.0229,0.00221
843,0.0795,0.0189,0.00232
844,0.0818,0.0196,0.00244
845,0.0841,0.0204,0.0019
846,0.0864,0.0168,0.00268
847,0.0888,0.0219,0.0021
848,0.0765,0.0227,0.00294
849,0.0937,0.0187,0.00172
850,0.0963,0.0244,0.00427
851,0.0832,0.0202,0.00338
852,0.0855,0.0209,0.00354
853,0.0878,0.0217,0.0028
854,0.0903,0.0141,0.0022
855,0.0927,0.0186,0.00172
856,0.08,0.0193,0.0018
857,0.0823,0.02,0.00189
858,0.0846,0.0165,0.00199
859,0.0869,0.0215,0.00209
860,0.0893,0.0177,0.00163
861,0.0917,0.0231,0.0023
862,0.0792,0.0191,0.0018
863,0.0814,0.0198,0.00189
864,0.0993,0.0206,0.00265
865,0.072,0.0213,0.00208
866,0.0883,0.0221,0.0029
867,0.0907,0.0183,0.00229
868,0.0931,0.0189,0.0024
869,0.0805,0.0196,0.00251
870,0.0827,0.0204,0.00263
871,0.085,0.0211,0.00276
872,0.0873,0.0219,0.00289
873,0.0897,0.0181,0.00228
874,0.0921,0.0188,0.00239
875,0.0946,0.0195,0.00187
876,0.0818,0.0202,0.00262
877,0.0841,0.0167,0.00154
878,0.0864,0.0217,0.00288
879,0.0887,0.0225,0.00227
880,0.0911,0.0233,0.00238
881,0.0788,0.0193,0.00187
882,0.096,0.02,0.00261
883,0.0832,0.0165,0.00113
884,0.0855,0.0171,0.00286
885,0.0878,0.0223,0.003
886,0.0901,0.0184,0.00314
887,0.0779,0.0239,0.00329
888,0.0801,0.0198,0.0026
889,0.0975,0.0205,0.0036
890,0.0845,0.0213,0.0016
891,0.0868,0.0221,0.00168
892,0.0892,0.0183,0.00177
893,0.0915,0.0237,0.00185
894,0.094,0.0196,0.00259
895,0.0814,0.0204,0.00271
896,0.0836,0.0211,0.00284
897,0.0859,0.0218,0.00297
898,0.0882,0.0181,0.00409
899,0.0905,0.0188,0.00427
900,0.0784,0.0195,0.0034
901,0.0954,0.0251,0.00356
902,0.0979,0.0209,0.00372
903,0.085,0.0216,0.00223
904,0.0872,0.0224,0.00309
905,0.0754,0.0186,0.00323
906,0.0919,0.0193,0.00256
907,0.0796,0.02,0.00268
908,0.0818,0.0207,0.00159
909,0.084,0.0172,0.000917
910,0.0863,0.0222,0.00233
911,0.0886,0.023,0.00322
912,0.0767,0.0191,0.000786
913,0.0788,0.0198,0.00201
914,0.0958,0.0255,0.00211
915,0.0831,0.0212,0.00292
916,0.0854,0.022,0.00306
917,0.0876,0.0228,0.0032
918,0.0759,0.0189,0.00254
919,0.0923,0.0196,0.002
920,0.0801,0.0162,0.00278
921,0.0972,0.021,0.00382
922,0.0844,0.0218,0.0023
923,0.0867,0.0226,0.00699
924,0.089,0.0188,0.00106
925,0.0913,0.0194,0.00264
926,0.0792,0.0161,0.00157
927,0.0813,0.0209,0.00165
928,0.0835,0.0173,0.00303
929,0.0858,0.0179,0.00316
930,0.088,0.0186,0.00251
931,0.0903,0.0193,0.00199
932,0.0927,0.0199,0.00275
933,0.0951,0.0207,0.00218
934,0.0975,0.0214,0.00228
935,0.0848,0.0221,0.0018
936,0.0871,0.0184,0.0025
937,0.0894,0.0191,0.00198
938,0.0917,0.0198,0.00274
939,0.094,0.0205,0.00375
940,0.0817,0.017,0.00299
941,0.0839,0.0219,0.00238
942,0.0861,0.0227,0.00327
943,0.0884,0.0189,0.00342
944,0.0767,0.0196,0.00357
945,0.093,0.0203,0.00122
946,0.0809,0.021,0.00128
947,0.083,0.0217,0.00179
948,0.0852,0.0225,0.00247
949,0.0874,0.0187,0.00259
950,0.0897,0.0241,0.00271
951,0.092,0.0201,0.00162
952,0.0944,0.0208,0.00225
953,0.0968,0.0215,0.00178
954,0.0843,0.0223,0.00246
955,0.0865,0.0186,0.00147
956,0.075,0.0192,0.00269
957,0.0771,0.0199,0.00214
958,0.0934,0.0206,0.00224
959,0.0812,0.0213,0.00401
960,0.0834,0.022,0.00419
961,0.0856,0.0228,0.00336
962,0.0878,0.0236,0.00268
963,0.09,0.0197,0.00213
964,0.0783,0.0164,0.00223
965,0.0804,0.0211,0.00233
966,0.0825,0.0176,0.00244
967,0.0846,0.0182,0.00193
968,0.0868,0.0234,0.00348
969,0.0891,0.0195,0.00212
970,0.0914,0.0202,0.00167
971,0.0795,0.0209,0.00232
972,0.0816,0.0216,0.00242
973,0.0837,0.0224,0.00431
974,0.0859,0.0187,0.00201
975,0.0881,0.0193,0.00277
976,0.0904,0.0161,0.00167
977,0.0927,0.0207,0.0023
978,0.0807,0.0214,0.00241
979,0.0828,0.0179,0.00252
980,0.085,0.0229,0.002
981,0.0872,0.0192,0.00209
982,0.0894,0.0198,0.00166
983,0.0917,0.0253,0.00229
984,0.094,0.0212,0.0024
985,0.0819,0.0177,0.0025
986,0.0841,0.0227,0.00199
987,0.0862,0.0235,0.00208
988,0.0884,0.0242,0.00372
989,0.0907,0.0251,0.00228
990,0.093,0.0259,0.00312
991,0.081,0.0217,0.00325
992,0.0832,0.0225,0.0044
993,0.0853,0.0188,0.00272
994,0.0875,0.0194,0.0037
995,0.0897,0.0201,0.00385
996,0.092,0.0208,0.0031
997,0.0943,0.0215,0.00248
998,0.0823,0.0223,0.00337
999,0.0844,0.0186,0.00118
1000,0.0865,0.0238,0.00367
1001,0.0887,0.0199,0.00225
1002,0.091,0.0206,0.00235
1003,0.0933,0.0213,0.00187
1004,0.0814,0.022,0.00196
1005,0.0835,0.0184,0.00205
1006,0.0856,0.0191,0.00214
1007,0.0745,0.0197,0.000964
1008,0.09,0.0204,0.00135
1009,0.0923,0.0211,0.00186
1010,0.0946,0.0268,0.00195
1011,0.0826,0.0183,0.00204
1012,0.0847,0.0233,0.00279
1013,0.0869,0.0195,0.00378
1014,0.089,0.0202,0.00134
1015,0.0913,0.0209,0.00185
1016,0.0935,0.0216,0.00254
1017,0.0959,0.0274,0.00345
1018,0.0838,0.0231,0.00161
1019,0.0859,0.0194,0.00168
1020,0.0881,0.02,0.00176
1021,0.0903,0.0207,0.00407
1022,0.0925,0.0214,0.00252
1023,0.0948,0.0221,0.00264
1024,0.0829,0.0229,0.00275
1025,0.0995,0.0289,0.00287
1026,0.0871,0.0198,0.00175
1027,0.0893,0.0205,0.0024
1028,0.0916,0.0212,0.00251
1029,0.0938,0.0219,0.0034
1030,0.0961,0.0226,0.00273
1031,0.0841,0.0234,0.00285
1032,0.0862,0.0196,0.00229
1033,0.0884,0.0203,0.00182
1034,0.0906,0.021,0.00249
1035,0.0928,0.0217,0.00199
1036,0.0811,0.0182,0.00272
1037,0.0832,0.0188,0.00284
1038,0.0853,0.0194,0.00131
1039,0.0874,0.0247,0.00512
1040,0.0896,0.0168,0.00144
1041,0.0918,0.0215,0.00198
1042,0.0803,0.0222,0.00158
1043,0.0823,0.0229,0.00282
1044,0.0844,0.0237,0.00131
1045,0.0865,0.0199,0.00137
1046,0.0886,0.0252,0.00188
1047,0.0908,0.0261,0.00197
1048,0.0931,0.022,0.00268
1049,0.0953,0.0184,0.00215
1050,0.0835,0.0191,0.00224
1051,0.0856,0.0197,0.00234
1052,0.102,0.025,0.00317
1053,0.0899,0.0211,0.00196
1054,0.0921,0.0218,0.00266
1055,0.0943,0.0225,0.00278
1056,0.0966,0.0189,0.0017
1057,0.0846,0.024,0.00302
1058,0.101,0.0247,0.00406
1059,0.0889,0.0255,0.00329
1060,0.0911,0.0264,0.00343
1061,0.0933,0.0272,0.00357
1062,0.0817,0.023,0.00222
1063,0.0837,0.0237,0.00177
1064,0.0858,0.02,0.00313
1065,0.088,0.0168,0.00147
1066,0.0901,0.0213,0.00202
1067,0.0923,0.022,0.00274
1068,0.0808,0.0227,0.0022
1069,0.0968,0.0235,0.00298
1070,0.0849,0.0198,0.00184
1071,0.087,0.0204,0.00192
1072,0.0891,0.0211,0.00338
1073,0.0913,0.0177,0.0016
1074,0.0935,0.0183,0.00284
1075,0.0958,0.019,0.00296
1076,0.084,0.0196,0.00238
1077,0.0861,0.0248,0.00249
1078,0.0882,0.0209,0.00199
1079,0.0903,0.0216,0.00349
1080,0.0925,0.0223,0.00364
1081,0.0948,0.0188,0.00227
1082,0.097,0.0238,0.00139
1083,0.0993,0.0245,0.00247
1084,0.102,0.0207,0.00258
1085,0.0894,0.0214,0.00269
1086,0.0916,0.0221,0.00216
1087,0.0938,0.0228,0.00376
1088,0.0822,0.0192,0.00181
1089,0.0983,0.0243,0.00317
1090,0.0863,0.0205,0.0033
1091,0.0884,0.0258,0.00267
1092,0.0906,0.0219,0.00459
1093,0.0928,0.0226,0.0029
1094,0.095,0.0233,0.00137
1095,0.0834,0.0196,0.00187
1096,0.0854,0.0203,0.00254
1097,0.0875,0.021,0.00342
1098,0.0896,0.0216,0.00213
1099,0.0918,0.0223,0.00171
1100,0.094,0.0188,0.003
1101,0.0962,0.0238,0.00242
1102,0.0985,0.0201,0.00194
1103,0.0866,0.0208,0.00119
1104,0.0887,0.0214,0.00163
1105,0.0908,0.0221,0.00221
1106,0.093,0.0228,0.00177
1107,0.0816,0.0193,0.0031
1108,0.0836,0.0199,0.00148
1109,0.0856,0.0205,0.00118
1110,0.0877,0.0212,0.00272
1111,0.0898,0.0219,0.00219
1112,0.092,0.0275,0.00485
1113,0.0942,0.0233,0.00308
1114,0.0827,0.0197,0.00411
1115,0.0847,0.0203,0.00259
1116,0.101,0.021,0.00209
1117,0.0889,0.0264,0.00362
1118,0.091,0.0224,0.00294
1119,0.0799,0.0231,0.00306
1120,0.0954,0.0195,0.00318
1121,0.0976,0.0201,0.00332
1122,0.0859,0.0208,0.00268
1123,0.0879,0.0215,0.0028
1124,0.09,0.0221,0.00291
1125,0.0922,0.0229,0.00235
1126,0.0944,0.0193,0.00189
1127,0.0829,0.0199,0.00256
1128,0.0988,0.0206,0.00206
1129,0.087,0.0259,0.00278
1130,0.0891,0.0179,0.00224
1131,0.0912,0.0185,0.00301
1132,0.0934,0.0233,0.00188
1133,0.0955,0.0241,0.00254
1134,0.084,0.0248,0.0034
1135,0.1,0.021,0.00276
1136,0.0881,0.0217,0.00287
1137,0.0773,0.0224,0.00299
1138,0.0924,0.0231,0.00311
1139,0.0945,0.0238,0.00324
1140,0.0967,0.0202,0.00431
1141,0.0852,0.0208,0.00274
1142,0.101,0.0261,0.00465
1143,0.0893,0.0222,0.00297
1144,0.0914,0.0229,0.0024
1145,0.0935,0.0236,0.00322
1146,0.0957,0.0243,0.00261
1147,0.0843,0.0206,0.00348
1148,0.1,0.0213,0.00283
1149,0.0883,0.0219,0.00295
1150,0.0904,0.0226,0.00184
1151,0.0925,0.0234,0.00319
1152,0.0947,0.0241,0.00201
1153,0.0834,0.0204,0.00346
1154,0.0854,0.0256,0.00281
1155,0.0874,0.0217,0.00227
1156,0.0895,0.0224,0.00304
1157,0.0916,0.0231,0.00317
1158,0.0937,0.0238,0.00199
1159,0.0825,0.0202,0.0016
1160,0.0845,0.0208,0.00216
1161,0.0865,0.0215,0.00226
1162,0.0885,0.0222,0.00182
1163,0.0906,0.0229,0.00245
1164,0.0927,0.0194,0.00198
1165,0.0949,0.0243,0.00266
1166,0.0836,0.0206,0.00277
1167,0.0993,0.0258,0.00288
1168,0.0876,0.022,0.00383
1169,0.0896,0.0226,0.00312
1170,0.0917,0.0192,0.00196
1171,0.0939,0.0241,0.0043
1172,0.096,0.0248,0.00274
1173,0.0847,0.0211,0.00286
1174,0.0867,0.0217,0.00232
1175,0.0887,0.0224,0.00187
1176,0.0908,0.0231,0.0041
1177,0.0929,0.0238,0.00426
1178,0.095,0.0202,0.00272
1179,0.0972,0.0209,0.00283
1180,0.0857,0.0215,0.00137
1181,0.0878,0.0222,0.00143
1182,0.0898,0.0277,0.00319
1183,0.0919,0.0236,0.0026
1184,0.094,0.0243,0.0021
1185,0.0829,0.0251,0.0017
1186,0.0848,0.0175,0.00177
1187,0.0868,0.022,0.00388
1188,0.0889,0.0226,0.00192
1189,0.105,0.0282,0.00258
1190,0.093,0.0241,0.00268
1191,0.082,0.0204,0.00218
1192,0.0973,0.0211,0.00227
1193,0.0995,0.0217,0.00302
1194,0.0879,0.0224,0.00246
1195,0.09,0.0231,0.00256
1196,0.092,0.0238,0.00266
1197,0.0942,0.0245,0.00277
1198,0.0963,0.0209,0.00288
1199,0.0985,0.0261,0.00382
1200,0.087,0.0222,0.00312
1201,0.089,0.0229,0.00197
1202,0.0911,0.0236,0.00264
1203,0.0932,0.0243,0.00444
1204,0.0953,0.0207,0.00223
1205,0.0974,0.0213,0.00297
1206,0.0996,0.022,0.00625
1207,0.0881,0.0226,0.00152
1208,0.0901,0.0233,0.00204
1209,0.0922,0.024,0.00348
1210,0.0943,0.0298,0.00361
1211,0.0964,0.0211,0.00375
1212,0.0986,0.0263,0.00307
1213,0.0872,0.0224,0.00319
1214,0.0892,0.019,0.00421
1215,0.0912,0.0196,0.00164
1216,0.0933,0.0166,0.0022
1217,0.0954,0.0209,0.00229
1218,0.0976,0.0215,0.00144
1219,0.0862,0.0222,0.00248
1220,0.0882,0.0229,0.00258
1221,0.0903,0.0194,0.00163
1222,0.0923,0.0243,0.00218
1223,0.0944,0.025,0.00137
1224,0.0834,0.0213,0.00302
1225,0.0987,0.022,0.00246
1226,0.0873,0.0187,0.00256
1227,0.0893,0.0192,0.00266
1228,0.0914,0.024,0.00352
1229,0.0934,0.0205,0.00175
1230,0.0955,0.0211,0.00299
1231,0.0977,0.0217,0.00244
1232,0.0864,0.0224,0.00324
1233,0.102,0.0231,0.00264
1234,0.0904,0.0238,0.00349
1235,0.0924,0.0202,0.00363
1236,0.0945,0.0209,0.00181
1237,0.0966,0.0215,0.00309
1238,0.0988,0.0222,0.00407
1239,0.101,0.0228,0.00333
1240,0.0894,0.0235,0.00346
1241,0.0915,0.02,0.00283
1242,0.0935,0.025,0.00295
1243,0.0956,0.0213,0.0024
1244,0.0978,0.0219,0.00403
1245,0.0865,0.0226,0.00331
1246,0.0885,0.0192,0.0027
1247,0.0905,0.024,0.00172
1248,0.0926,0.0247,0.00292
1249,0.0946,0.0211,0.00144
1250,0.0968,0.0217,0.00151
1251,0.0989,0.027,0.00415
1252,0.101,0.023,0.00268
1253,0.103,0.0286,0.00218
1254,0.0916,0.0244,0.0029
1255,0.0937,0.0252,0.00236
1256,0.0957,0.0259,0.00313
1257,0.0847,0.0221,0.00411
1258,0.1,0.0228,0.00208
1259,0.0886,0.0235,0.00277
1260,0.0906,0.0242,0.00364
1261,0.0927,0.0206,0.00299
1262,0.0947,0.0213,0.00393
1263,0.0968,0.0219,0.00199
1264,0.099,0.0226,0.00335
1265,0.0877,0.0192,0.00274
1266,0.0897,0.0239,0.00224
1267,0.0917,0.0247,0.00375
1268,0.0938,0.0254,0.00308
1269,0.0958,0.0261,0.0032
1270,0.0979,0.0223,0.00332
1271,0.1,0.023,0.00272
1272,0.0888,0.0196,0.00283
1273,0.0908,0.0244,0.0018
1274,0.0928,0.0208,0.00146
1275,0.0948,0.0259,0.00317
1276,0.0969,0.0221,0.00329
1277,0.0991,0.0228,0.0027
1278,0.101,0.0282,0.0028
1279,0.0898,0.0242,0.00229
1280,0.0918,0.0206,0.00186
1281,0.0939,0.0212,0.00314
1282,0.0959,0.0181,0.00157
1283,0.098,0.0225,0.00339
1284,0.1,0.0232,0.00278
1285,0.0889,0.0198,0.00289
1286,0.0909,0.0204,0.00236
1287,0.0929,0.021,0.00246
1288,0.0949,0.0261,0.002
1289,0.0841,0.0223,0.00163
1290,0.086,0.023,0.00439
1291,0.0879,0.0237,0.00286
1292,0.103,0.0243,0.00298
1293,0.0919,0.0208,0.00309
1294,0.0939,0.0258,0.00199
1295,0.096,0.0221,0.00333
1296,0.0981,0.0273,0.00346
1297,0.1,0.0234,0.00284
1298,0.089,0.0241,0.00232
1299,0.091,0.0248,0.00242
1300,0.093,0.0175,0.00318
1301,0.095,0.0219,0.00261
1302,0.0971,0.0225,0.00213
1303,0.0861,0.0232,0.00448
1304,0.101,0.0238,0.00231
1305,0.09,0.0245,0.00383
1306,0.092,0.021,0.00316
1307,0.094,0.0216,0.00328
1308,0.0961,0.0267,0.00269
1309,0.0852,0.0229,0.00353
1310,0.0871,0.0236,0.00366
1311,0.0891,0.0243,0.00146
1312,0.105,0.025,0.00152
1313,0.093,0.0214,0.00202
1314,0.0951,0.0265,0.00337
1315,0.0843,0.0227,0.00277
1316,0.0992,0.0234,0.00227
1317,0.0882,0.024,0.00236
1318,0.104,0.0247,0.0031
1319,0.106,0.0255,0.00254
1320,0.0941,0.0262,0.00334
1321,0.0961,0.0225,0.00275
1322,0.0853,0.0231,0.00225
1323,0.0872,0.0238,0.00234
1324,0.0892,0.0204,0.00307
1325,0.105,0.021,0.00402
1326,0.0808,0.0179,0.00162
1327,0.0952,0.0267,0.00272
1328,0.0844,0.0229,0.00357
1329,0.0993,0.0235,0.00294
1330,0.101,0.0242,0.00481
1331,0.0902,0.0249,0.0025
1332,0.0922,0.0214,0.00205
1333,0.108,0.0264,0.00213
1334,0.0962,0.0226,0.0028
1335,0.0854,0.0233,0.0023
1336,0.0873,0.0199,0.00239
1337,0.0893,0.0247,0.00314
1338,0.0912,0.0254,0.00409
1339,0.0809,0.0181,0.001
1340,0.0952,0.0224,0.00278
1341,0.0973,0.0231,0.00568
1342,0.0993,0.0237,0.003
1343,0.0883,0.0244,0.00391
1344,0.104,0.0251,0.00323
1345,0.0922,0.0258,0.00209
1346,0.0942,0.0222,0.00347
1347,0.0963,0.0273,0.0036
1348,0.0855,0.0235,0.00297
1349,0.1,0.0242,0.00308
1350,0.0893,0.0207,0.002
1351,0.0913,0.0213,0.00208
1352,0.0933,0.0219,0.00344
1353,0.0953,0.0226,0.00357
1354,0.0973,0.0232,0.00463
1355,0.0994,0.0239,0.00305
1356,0.0884,0.0246,0.00198
1357,0.104,0.0253,0.00329
1358,0.0923,0.026,0.00271
1359,0.0943,0.0223,0.00222
1360,0.0963,0.023,0.00231
1361,0.0856,0.0237,0.00475
1362,0.0875,0.0243,0.00249
1363,0.0894,0.0209,0.00326
1364,0.105,0.0257,0.00528
1365,0.0933,0.0184,0.00351
1366,0.0953,0.0189,0.00364
1367,0.0973,0.0234,0.003
1368,0.0994,0.0241,0.00311
1369,0.0885,0.0248,0.00405
1370,0.0904,0.0213,0.00101
1371,0.0924,0.0219,0.00435
1372,0.0943,0.0225,0.00227
1373,0.0963,0.0232,0.00297
1374,0.0984,0.0285,0.00483
1375,0.1,0.0245,0.0032
1376,0.0895,0.021,0.00518
1377,0.0914,0.0217,0.00344
1378,0.0934,0.0223,0.00225
1379,0.0954,0.0229,0.00295
1380,0.0974,0.0236,0.00306
1381,0.0867,0.0243,0.00398
1382,0.102,0.0208,0.00207
1383,0.104,0.0257,0.00341
1384,0.0924,0.0221,0.00282
1385,0.0944,0.0189,0.00183
1386,0.0964,0.0233,0.00303
1387,0.0984,0.024,0.00394
1388,0.0876,0.0247,0.00259
1389,0.0895,0.0212,0.00213
1390,0.0915,0.0261,0.00438
1391,0.107,0.0268,0.0029
1392,0.0954,0.0231,0.00377
1393,0.0974,0.0238,0.00312
1394,0.0995,0.0204,0.00203
1395,0.102,0.0251,0.00419
1396,0.0905,0.0216,0.00347
1397,0.106,0.0265,0.0036
1398,0.0944,0.0191,0.00147
1399,0.0964,0.0235,0.00309
1400,0.0858,0.0202,0.0032
1401,0.0877,0.0249,0.00209
1402,0.0896,0.0256,0.00171
1403,0.0915,0.0263,0.00553
1404,0.0934,0.0226,0.0037
1405,0.0954,0.0233,0.00306
1406,0.085,0.0239,0.00317
1407,0.0995,0.0246,0.00329
1408,0.102,0.0253,0.00426
1409,0.0906,0.026,0.00441
1410,0.0925,0.0224,0.00366
1411,0.0944,0.023,0.0038
1412,0.0964,0.0237,0.0025
1413,0.0985,0.0243,0.00507
1414,0.0878,0.025,0.00422
1415,0.0896,0.0215,0.00175
1416,0.105,0.0264,0.00453
1417,0.0935,0.0272,0.00239
1418,0.0955,0.0234,0.00312
1419,0.0974,0.0241,0.00204
1420,0.0995,0.0248,0.00167
1421,0.102,0.0255,0.00347
1422,0.104,0.0262,0.00287
1423,0.106,0.0188,0.00237
1424,0.0945,0.0276,0.0048
1425,0.0965,0.0199,0.0016
1426,0.0985,0.0205,0.0021
1427,0.0878,0.0211,0.00218
1428,0.0897,0.0217,0.00444
1429,0.0916,0.0223,0.00369
1430,0.0935,0.0229,0.00244
1431,0.0955,0.0236,0.00253
1432,0.0975,0.0242,0.0041
1433,0.0995,0.0249,0.00425
1434,0.0888,0.0215,0.00224
1435,0.104,0.0263,0.00366
1436,0.0926,0.0227,0.00151
1437,0.0945,0.0233,0.00314
1438,0.0965,0.024,0.00326
1439,0.0985,0.0247,0.00169
1440,0.0879,0.0253,0.00279
1441,0.0897,0.0218,0.0029
1442,0.0916,0.0225,0.00239
1443,0.0935,0.0231,0.00311
1444,0.0955,0.0282,0.00257
1445,0.0975,0.0204,0.00334
1446,0.0995,0.0251,0.00535
1447,0.0888,0.0216,0.00553
1448,0.0907,0.0222,0.00117
1449,0.0926,0.0272,0.00309
1450,0.0945,0.0235,0.00399
1451,0.0965,0.0241,0.00413
1452,0.0985,0.0248,0.00218
1453,0.0879,0.0214,0.00227
1454,0.103,0.0262,0.00368
1455,0.105,0.0269,0.00306
1456,0.107,0.0232,0.00253
1457,0.0955,0.0284,0.00409
1458,0.0975,0.0246,0.00272
1459,0.0995,0.0252,0.00282
1460,0.101,0.0259,0.00365
1461,0.0907,0.0224,0.00242
1462,0.0926,0.0274,0.00391
1463,0.0945,0.0281,0.00325
1464,0.0965,0.0243,0.0017
1465,0.0985,0.025,0.00279
1466,0.1,0.0215,0.00231
1467,0.103,0.0221,0.00374
1468,0.0917,0.0191,0.00311
1469,0.107,0.0278,0.00322
1470,0.0955,0.024,0.00415
1471,0.0975,0.0247,0.00221
1472,0.0995,0.0254,0.00445
1473,0.0889,0.0219,0.00188
1474,0.104,0.0225,0.00246
1475,0.0926,0.0232,0.00255
1476,0.0945,0.0283,0.00211
1477,0.11,0.0245,0.00219
1478,0.0984,0.0251,0.00441
1479,0.1,0.0258,0.00235
1480,0.0898,0.0265,0.00472
1481,0.105,0.0272,0.00253
1482,0.0936,0.028,0.00407
1483,0.109,0.0242,0.00339
1484,0.0975,0.0249,0.00225
1485,0.0871,0.0255,0.00364
1486,0.101,0.0262,0.00302
1487,0.103,0.0227,0.00199
1488,0.0926,0.0233,0.00404
1489,0.0945,0.0284,0.00336
1490,0.0965,0.0246,0.00348
1491,0.0984,0.0253,0.00184
1492,0.1,0.026,0.0019
1493,0.102,0.0267,0.00386
1494,0.105,0.0231,0.00321
1495,0.107,0.0281,0.00333
1496,0.0955,0.0204,0.00139
1497,0.0974,0.025,0.00229
1498,0.0994,0.0257,0.00297
1499,0.0889,0.0222,0.00246
1500,0.103,0.0228,0.00203
1501,0.0926,0.0234,0.0041
1502,0.108,0.0202,0.00274
1503,0.0965,0.0208,0.0018
1504,0.0984,0.0214,0.00294
1505,0.1,0.0261,0.00244
1506,0.102,0.0268,0.00733
1507,0.0917,0.0232,0.00406
1508,0.0936,0.0282,0.00271
1509,0.0955,0.0206,0.00281
1510,0.0974,0.0212,0.00233
1511,0.0994,0.0217,0.00302
1512,0.0889,0.0187,0.0025
1513,0.0908,0.0272,0.00324
1514,0.105,0.0236,0.00416
1515,0.0945,0.0242,0.00223
1516,0.0964,0.0249,0.00445
1517,0.0984,0.0256,0.00299
1518,0.1,0.0262,0.0031
1519,0.0898,0.0227,0.00398
1520,0.104,0.0277,0.00332
1521,0.0936,0.024,0.00221
1522,0.0955,0.0246,0.00356
1523,0.0974,0.0213,0.00368
1524,0.0994,0.026,0.00246
1525,0.101,0.0225,0.00255
1526,0.0908,0.0274,0.00408
1527,0.0926,0.0237,0.00273
1528,0.0945,0.0244,0.00283
1529,0.0964,0.0296,0.00451
1530,0.0984,0.0257,0.00377
1531,0.088,0.0222,0.00252
1532,0.102,0.0192,0.00166
1533,0.0917,0.0235,0.00271
1534,0.0936,0.0203,0.0028
1535,0.0954,0.0248,0.00185
1536,0.0854,0.0214,0.00192
1537,0.0993,0.022,0.00312
1538,0.101,0.0268,0.004
1539,0.0908,0.0232,0.00215
1540,0.105,0.0239,0.00346
1541,0.0945,0.0206,0.00288
1542,0.0964,0.0212,0.00239
1543,0.0983,0.0218,0.00248
1544,0.1,0.0265,0.00205
1545,0.102,0.023,0.00266
1546,0.104,0.0279,0.00522
1547,0.0935,0.0204,0.00285
1548,0.0954,0.0249,0.00366
1549,0.0973,0.0215,0.00306
1550,0.0993,0.0262,0.00392
1551,0.101,0.0269,0.00406
1552,0.0908,0.0234,0.00339
1553,0.105,0.024,0.00282
1554,0.0945,0.0246,0.00292
1555,0.0964,0.0213,0.00243
1556,0.0983,0.026,0.00252
1557,0.1,0.0225,0.00209
1558,0.0898,0.0231,0.0027
1559,0.0917,0.0237,0.00347
1560,0.0935,0.0244,0.00359
1561,0.0954,0.0295,0.00192
1562,0.0973,0.0217,0.0031
1563,0.0992,0.0264,0.00398
1564,0.101,0.0271,0.00214
1565,0.0907,0.0235,0.00222
1566,0.0926,0.0241,0.0044
1567,0.0944,0.0292,0.00297
1568,0.0963,0.0254,0.00307
1569,0.0982,0.0261,0.00318
1570,0.1,0.0268,0.00329
1571,0.102,0.0232,0.00274
1572,0.104,0.0239,0.00352
1573,0.0935,0.0245,0.00294
1574,0.0954,0.0252,0.00245
1575,0.0973,0.0218,0.0039
1576,0.112,0.0265,0.00326
1577,0.101,0.0272,0.00417
1578,0.103,0.0279,0.00431
1579,0.105,0.0242,0.00291
1580,0.0944,0.0249,0.00302
1581,0.109,0.0255,0.00312
1582,0.0982,0.0222,0.00399
1583,0.1,0.0269,0.00172
1584,0.102,0.0276,0.00642
1585,0.104,0.024,0.00232
1586,0.106,0.0208,0.00299
1587,0.0953,0.0253,0.00309
1588,0.0972,0.0219,0.0032
1589,0.0991,0.0225,0.00409
1590,0.101,0.0231,0.00342
1591,0.103,0.0237,0.0023
1592,0.105,0.0244,0.00451
1593,0.107,0.025,0.00306
1594,0.0962,0.0257,0.00204
1595,0.0981,0.0263,0.00405
1596,0.1,0.0229,0.00273
1597,0.102,0.0235,0.00283
1598,0.104,0.0241,0.00447
1599,0.0934,0.0248,0.00244
1600,0.0953,0.0215,0.00314
1601,0.0972,0.0261,0.00168
1602,0.0871,0.0267,0.00271
1603,0.101,0.0274,0.00428
1604,0.103,0.0239,0.00233
1605,0.0925,0.0245,0.00457
1606,0.107,0.0212,0.00384
1607,0.0962,0.0258,0.00321
1608,0.0981,0.0265,0.00268
1609,0.1,0.0272,0.00223
1610,0.102,0.0236,0.00438
1611,0.0916,0.0242,0.00239
1612,0.0934,0.021,0.00308
1613,0.108,0.0301,0.00257
1614,0.0971,0.0262,0.00213
1615,0.099,0.0228,0.0034
1616,0.114,0.0276,0.00229
1617,0.0907,0.0202,0.0019
1618,0.105,0.0246,0.00305
1619,0.0943,0.0253,0.00315
1620,0.0962,0.0219,0.00211
1621,0.098,0.0266,0.00624
1622,0.0999,0.0231,0.00429
1623,0.102,0.0237,0.0036
1624,0.0915,0.0244,0.00302
1625,0.0934,0.0211,0.00252
1626,0.0952,0.0217,0.00323
1627,0.0971,0.0188,0.00334
1628,0.099,0.027,0.00425
1629,0.101,0.0277,0.00538
1630,0.103,0.0241,0.00241
1631,0.105,0.0291,0.00309
1632,0.0942,0.0254,0.00258
1633,0.109,0.026,0.00215
1634,0.098,0.0226,0.00342
1635,0.0999,0.0232,0.00353
1636,0.102,0.0238,0.00296
1637,0.104,0.0245,0.00198
1638,0.106,0.0251,0.00316
1639,0.0951,0.0258,0.00213
1640,0.097,0.0264,0.00417
1641,0.0989,0.0271,0.0035
1642,0.101,0.0236,0.00445
1643,0.0906,0.0205,0.00244
1644,0.105,0.021,0.00253
1645,0.0942,0.0255,0.0049
1646,0.096,0.0261,0.00335
1647,0.0979,0.0268,0.0028
1648,0.113,0.0233,0.0029
1649,0.102,0.024,0.00455
1650,0.104,0.0289,0.0031
1651,0.106,0.0252,0.00395
1652,0.108,0.0259,0.00611
1653,0.0969,0.0225,0.00114
1654,0.0988,0.0231,0.00287
1655,0.101,0.02,0.00154
1656,0.0905,0.0243,0.00307
1657,0.105,0.025,0.00207
1658,0.107,0.0301,0.00172
1659,0.096,0.0263,0.0034
1660,0.0862,0.0269,0.00528
1661,0.0997,0.0235,0.00294
1662,0.102,0.0241,0.00246
1663,0.0914,0.0247,0.00254
1664,0.106,0.0215,0.0017
1665,0.095,0.022,0.00336
1666,0.0969,0.0226,0.00282
1667,0.112,0.0273,0.00235
1668,0.101,0.0238,0.00371
1669,0.0905,0.0244,0.00203
1670,0.0923,0.0212,0.00261
1671,0.106,0.0218,0.00333
1672,0.0959,0.0264,0.00225
1673,0.0978,0.023,0.00356
1674,0.0996,0.0236,0.00368
1675,0.115,0.0333,0.0038
1676,0.0914,0.0248,0.00392
1677,0.0932,0.0254,0.0033
1678,0.095,0.0221,0.00276
1679,0.0968,0.0227,0.00231
1680,0.111,0.0274,0.00446
1681,0.101,0.0203,0.00376
1682,0.102,0.0245,0.00316
1683,0.104,0.0252,0.00401
1684,0.094,0.0219,0.00221
1685,0.0958,0.0225,0.00283
1686,0.0977,0.0271,0.00442
1687,0.0996,0.02,0.00197
1688,0.101,0.0285,0.00204
1689,0.103,0.0249,0.00323
1690,0.105,0.0255,0.00334
1691,0.0949,0.0222,0.0028
1692,0.109,0.0269,0.00437
1693,0.0986,0.0275,0.00368
1694,0.113,0.024,0.00162
1695,0.102,0.0246,0.00259
1696,0.104,0.0253,0.00268
1697,0.106,0.0259,0.00224
1698,0.108,0.0226,0.00287
1699,0.0976,0.0273,0.00365
1700,0.0995,0.0201,0.00161
1701,0.101,0.0244,0.00207
1702,0.103,0.025,0.00327
1703,0.093,0.0218,0.00338
1704,0.0948,0.0263,0.00185
1705,0.0967,0.0229,0.00443
1706,0.111,0.0235,0.00373
1707,0.1,0.0241,0.00385
1708,0.102,0.0247,0.00171
1709,0.104,0.0254,0.00411
1710,0.106,0.026,0.00424
1711,0.0957,0.0227,0.00235
1712,0.0975,0.0233,0.00369
1713,0.0994,0.028,0.0031
1714,0.101,0.0245,0.00482
1715,0.103,0.0251,0.00331
1716,0.105,0.0258,0.00225
1717,0.107,0.0264,0.00434
1718,0.109,0.023,0.00297
1719,0.0984,0.0236,0.00307
1720,0.1,0.0242,0.00208
1721,0.102,0.0248,0.00173
1722,0.0921,0.0217,0.00339
1723,0.0938,0.0261,0.00429
1724,0.0956,0.0228,0.00294
1725,0.11,0.0234,0.00304
1726,0.0993,0.024,0.00255
1727,0.101,0.0246,0.00487
1728,0.0911,0.0214,0.00221
1729,0.105,0.0259,0.00347
1730,0.107,0.0225,0.00358
1731,0.0965,0.0272,0.00197
1732,0.111,0.0278,0.00382
1733,0.1,0.0285,0.00395
1734,0.102,0.0249,0.00407
1735,0.104,0.0256,0.00421
1736,0.0938,0.0223,0.00234
1737,0.108,0.0269,0.00195
1738,0.0974,0.0235,0.00308
1739,0.0992,0.0282,0.00477
1740,0.101,0.0247,0.00267
1741,0.103,0.0253,0.00276
1742,0.105,0.0304,0.0043
1743,0.107,0.0266,0.0054
1744,0.0964,0.0232,0.00374
1745,0.0982,0.0238,0.00387
1746,0.1,0.0244,0.00326
1747,0.102,0.025,0.00336
1748,0.104,0.0257,0.00347
1749,0.106,0.0263,0.00191
1750,0.108,0.027,0.00302
1751,0.11,0.0236,0.00383
1752,0.0991,0.0283,0.00322
1753,0.101,0.0248,0.00271
1754,0.103,0.0254,0.00421
1755,0.0928,0.026,0.00189
1756,0.0945,0.0267,0.00299
1757,0.109,0.0274,0.00203
1758,0.111,0.0239,0.00391
1759,0.1,0.0245,0.0033
1760,0.102,0.0294,0.00508
1761,0.104,0.0258,0.00286
1762,0.106,0.0309,0.00444
1763,0.108,0.0271,0.00306
1764,0.0972,0.0201,0.00316
1765,0.099,0.0243,0.004
1766,0.101,0.0212,0.00412
1767,0.0909,0.0255,0.0023
1768,0.0927,0.0223,0.00192
1769,0.0944,0.0268,0.00453
1770,0.108,0.0274,0.00313
1771,0.11,0.024,0.00263
1772,0.0999,0.0246,0.00334
1773,0.102,0.0252,0.00513
1774,0.104,0.0259,0.00235
1775,0.0935,0.0226,0.00367
1776,0.107,0.0232,0.00463
1777,0.0971,0.0238,0.0032
1778,0.111,0.0244,0.0033
1779,0.101,0.025,0.00278
1780,0.115,0.0299,0.00287
1781,0.104,0.0262,0.00297
1782,0.0944,0.0269,0.00375
1783,0.108,0.0275,0.00209
1784,0.0979,0.0241,0.00216
1785,0.0998,0.0289,0.00338
1786,0.102,0.0216,0.00284
1787,0.103,0.026,0.00439
1788,0.0934,0.0227,0.002
1789,0.0952,0.0233,0.00383
1790,0.109,0.0279,0.00324
1791,0.0988,0.0244,0.00408
1792,0.101,0.0251,0.00421
1793,0.102,0.0257,0.00356
1794,0.104,0.0307,0.00449
1795,0.0943,0.027,0.00379
1796,0.108,0.0236,0.0032
1797,0.11,0.0283,0.00331
1798,0.0996,0.029,0.00417
1799,0.101,0.0254,0.0043
1800,0.103,0.0304,0.00444
1801,0.105,0.0228,0.00202
1802,0.107,0.0233,0.00388
1803,0.109,0.0239,0.004
1804,0.0987,0.0287,0.00413
1805,0.101,0.0251,0.00349
1806,0.102,0.0301,0.0036
1807,0.104,0.0264,0.00372
1808,0.106,0.0231,0.00256
1809,0.108,0.0277,0.00324
1810,0.11,0.0243,0.00497
1811,0.0995,0.0249,0.00345
1812,0.101,0.0255,0.00435
1813,0.103,0.0261,0.00245
1814,0.0932,0.0268,0.0038
1815,0.095,0.0234,0.00212
1816,0.0968,0.024,0.00492
1817,0.111,0.0288,0.00507
1818,0.113,0.0295,0.00288
1819,0.102,0.0258,0.00539
1820,0.0923,0.0192,0.00307
1821,0.106,0.0232,0.00317
1822,0.108,0.0324,0.00267
1823,0.0976,0.0285,0.00276
1824,0.112,0.025,0.00232
1825,0.101,0.0256,0.00295
1826,0.103,0.0262,0.00372
1827,0.105,0.0229,0.00314
1828,0.0949,0.0275,0.00324
1829,0.0967,0.0241,0.00273
1830,0.111,0.0289,0.00421
1831,0.1,0.0253,0.00435
1832,0.102,0.0303,0.00544
1833,0.104,0.0266,0.00311
1834,0.106,0.0233,0.00392
1835,0.108,0.0325,0.00404
1836,0.0975,0.0285,0.00507
1837,0.0993,0.025,0.00353
1838,0.101,0.0299,0.00364
1839,0.103,0.0263,0.00376
1840,0.105,0.0314,0.00388
1841,0.107,0.0276,0.00486
1842,0.0966,0.0283,0.00339
1843,0.0983,0.0248,0.00233
1844,0.1,0.0217,0.00295
1845,0.102,0.026,0.00305
1846,0.104,0.0228,0.00257
1847,0.106,0.0273,0.00396
1848,0.108,0.0239,0.00274
1849,0.11,0.0286,0.00511
1850,0.0879,0.0251,0.00156
1851,0.101,0.03,0.00448
1852,0.103,0.0264,0.0038
1853,0.105,0.027,0.00213
1854,0.107,0.0237,0.00332
1855,0.0964,0.0283,0.00228
1856,0.0982,0.0249,0.00521
1857,0.1,0.0255,0.00364
1858,0.102,0.0223,0.00308
1859,0.104,0.0229,0.00318
1860,0.106,0.0274,0.00328
1861,0.107,0.028,0.00277
1862,0.0973,0.0246,0.00233
1863,0.099,0.0252,0.00532
1864,0.113,0.0301,0.00372
1865,0.103,0.0264,0.00257
1866,0.105,0.0271,0.00325
1867,0.106,0.0238,0.00223
1868,0.108,0.0284,0.00346
1869,0.11,0.0249,0.00357
1870,0.0999,0.0255,0.002
1871,0.102,0.0224,0.00311
1872,0.104,0.0268,0.00392
1873,0.105,0.0235,0.00404
1874,0.107,0.0241,0.00228
1875,0.0971,0.0247,0.00236
1876,0.0989,0.0295,0.00198
1877,0.101,0.0259,0.00252
1878,0.103,0.0265,0.00318
1879,0.104,0.0233,0.00219
1880,0.106,0.0278,0.00339
1881,0.0962,0.0244,0.00425
1882,0.098,0.0292,0.00361
1883,0.0997,0.0256,0.00305
1884,0.102,0.0262,0.00563
1885,0.103,0.023,0.00325
1886,0.105,0.0236,0.00224
1887,0.107,0.0242,0.00346
1888,0.109,0.0212,0.00194
1889,0.0988,0.0254,0.00302
1890,0.101,0.0302,0.00312
1891,0.102,0.0228,0.00322
1892,0.104,0.0233,0.00332
1893,0.106,0.0279,0.0028
1894,0.108,0.0245,0.00353
1895,0.11,0.0251,0.00364
1896,0.0996,0.0257,0.00376
1897,0.101,0.0263,0.0047
1898,0.103,0.0269,0.00328
1899,0.105,0.0237,0.00412
1900,0.107,0.0242,0.00286
1901,0.0969,0.0289,0.00438
1902,0.0987,0.0254,0.00305
1903,0.113,0.0223,0.0021
1904,0.102,0.031,0.00325
1905,0.117,0.0273,0.00408
1906,0.0942,0.024,0.00284
1907,0.108,0.0246,0.00239
1908,0.0977,0.0252,0.00447
1909,0.0995,0.0258,0.00556
1910,0.101,0.0226,0.00322
1911,0.103,0.0232,0.00332
1912,0.105,0.0237,0.00281
1913,0.095,0.0243,0.0029
1914,0.109,0.0249,0.00534
1915,0.111,0.0255,0.00252
1916,0.112,0.0261,0.00261
1917,0.102,0.0229,0.00269
1918,0.104,0.0235,0.00278
1919,0.0941,0.028,0.00513
1920,0.108,0.0287,0.00296
1921,0.11,0.0252,0.00372
1922,0.111,0.03,0.00383
1923,0.101,0.0308,0.00325
1924,0.103,0.0315,0.00407
1925,0.105,0.0277,0.00346
1926,0.107,0.0284,0.00293
1927,0.0966,0.025,0.00302
1928,0.11,0.0219,0.00379
1929,0.1,0.0304,0.00473
1930,0.102,0.0311,0.00332
1931,0.104,0.0235,0.00415
1932,0.106,0.0281,0.0029
1933,0.107,0.0247,0.00245
1934,0.0974,0.0253,0.00375
1935,0.0992,0.0222,0.00387
1936,0.101,0.0265,0.00399
1937,0.103,0.0272,0.00411
1938,0.105,0.0323,0.00617
1939,0.106,0.0284,0.00296
1940,0.108,0.025,0.00305
1941,0.0982,0.0256,0.00258
1942,0.112,0.0262,0.00266
1943,0.102,0.0312,0.00492
1944,0.104,0.0275,0.00507
1945,0.118,0.0327,0.00628
1946,0.107,0.0288,0.00445
1947,0.0973,0.0254,0.00312
1948,0.111,0.026,0.0039
1949,0.113,0.0266,0.00272
1950,0.103,0.0272,0.00415
1951,0.104,0.0279,0.0029
1952,0.106,0.0245,0.002
1953,0.0964,0.0215,0.00206
1954,0.11,0.0257,0.00386
1955,0.112,0.0306,0.00328
1956,0.102,0.0269,0.00338
1957,0.103,0.0276,0.00423
1958,0.0938,0.0242,0.00436
1959,0.107,0.0289,0.0025
1960,0.109,0.0254,0.00315
1961,0.111,0.026,0.00325
1962,0.101,0.0229,0.00183
1963,0.102,0.0273,0.00729
1964,0.117,0.0324,0.00626
1965,0.106,0.0246,0.00367
1966,0.108,0.0292,0.00311
1967,0.11,0.0221,0.00471
1968,0.0997,0.0226,0.00331
1969,0.101,0.0313,0.00414
1970,0.103,0.0276,0.0029
1971,0.105,0.0243,0.0044
1972,0.107,0.0289,0.00253
1973,0.109,0.0296,0.00386
1974,0.111,0.0303,0.00328
1975,0.101,0.0267,0.0041
1976,0.102,0.0273,0.00422
1977,0.104,0.028,0.00198
1978,0.106,0.0286,0.00305
1979,0.108,0.0252,0.00382
1980,0.11,0.03,0.00475
1981,0.0996,0.0264,0.00405
1982,0.101,0.0232,0.00418
1983,0.0918,0.0204,0.00293
1984,0.0935,0.0244,0.00302
1985,0.107,0.025,0.00209
1986,0.109,0.0297,0.00321
1987,0.11,0.0303,0.00272
1988,0.1,0.023,0.00188
1989,0.102,0.0274,0.00289
1990,0.104,0.0241,0.00245
1991,0.106,0.0332,0.00308
1992,0.108,0.0253,0.00465
1993,0.109,0.03,0.0022
1994,0.111,0.0307,0.00409
1995,0.101,0.0314,0.00508
1996,0.103,0.0239,0.00295
1997,0.105,0.0329,0.00305
1998,0.107,0.029,0.0046
1999,0.121,0.0297,0.00474
2000,0.11,0.0262,0.00184
2001,0.1,0.0231,0.00417
2002,0.102,0.0236,0.00355
2003,0.104,0.0242,0.00442
2004,0.106,0.0248,0.00455
2005,0.0958,0.0253,0.00388
2006,0.0975,0.0259,0.00272
2007,0.111,0.0265,0.0028
2008,0.101,0.0234,0.00425
2009,0.103,0.0239,0.00298
2010,0.105,0.0245,0.00169
2011,0.106,0.0291,0.00384
2012,0.108,0.0257,0.00396
2013,0.11,0.0305,0.00408
2014,0.1,0.0269,0.00347
2015,0.102,0.0237,0.00521
2016,0.104,0.0281,0.00446
2017,0.105,0.0248,0.0038
2018,0.12,0.0295,0.00324
2019,0.109,0.0301,0.00334
2020,0.111,0.0266,0.00344
2021,0.101,0.0234,0.0024
2022,0.0915,0.0279,0.00247
2023,0.104,0.033,0.00454
2024,0.106,0.0251,0.00388
2025,0.0964,0.0221,0.00272
2026,0.11,0.0305,0.0028
2027,0.112,0.0269,0.00351
2028,0.102,0.0276,0.00164
2029,0.116,0.0243,0.00307
2030,0.105,0.0334,0.00317
2031,0.107,0.0255,0.00327
2032,0.109,0.0224,0.00277
2033,0.111,0.0267,0.00419
2034,0.101,0.0273,0.00357
2035,0.114,0.0279,0.00368
2036,0.104,0.0286,0.00258
2037,0.118,0.0252,0.00145
2038,0.108,0.0299,0.00333
2039,0.11,0.0264,0.005
2040,0.112,0.027,0.00427
2041,0.101,0.0276,0.00634
2042,0.115,0.0243,0.00375
2043,0.105,0.0289,0.0032
2044,0.0954,0.0296,0.00398
2045,0.0971,0.0225,0.00125
2046,0.11,0.0267,0.0035
2047,0.112,0.0273,0.00298
2048,0.102,0.028,0.00307
2049,0.104,0.0286,0.00316
2050,0.106,0.0252,0.00394
2051,0.108,0.0299,0.00336
2052,0.0978,0.0264,0.00418
2053,0.111,0.027,0.00242
2054,0.101,0.0277,0.00368
2055,0.103,0.0244,0.00379
2056,0.105,0.025,0.00266
2057,0.107,0.0296,0.00332
2058,0.121,0.0262,0.00343
2059,0.11,0.031,0.00734
2060,0.112,0.0274,0.00632
2061,0.102,0.0241,0.00375
2062,0.116,0.0286,0.00465
2063,0.106,0.0253,0.00329
2064,0.107,0.0259,0.00339
2065,0.109,0.0353,0.00349
2066,0.111,0.0271,0.00245
2067,0.101,0.0277,0.00537
2068,0.103,0.0283,0.00175
2069,0.105,0.025,0.0022
2070,0.106,0.0297,0.00277
2071,0.108,0.0262,0.00235
2072,0.11,0.031,0.00294
2073,0.112,0.0236,0.00303
2074,0.114,0.0242,0.00455
2075,0.116,0.0287,0.00468
2076,0.105,0.0293,0.00332
2077,0.107,0.03,0.00413
2078,0.109,0.0265,0.00196
2079,0.111,0.0314,0.00525
2080,0.113,0.0278,0.00374
2081,0.103,0.0284,0.00385
2082,0.104,0.0251,0.00182
2083,0.106,0.0297,0.00588
2084,0.108,0.0304,0.00348
2085,0.11,0.0231,0.0052
2086,0.112,0.0317,0.00445
2087,0.102,0.0281,0.00459
2088,0.103,0.0248,0.00325
2089,0.105,0.0294,0.00186
2090,0.107,0.026,0.005
2091,0.0974,0.0229,0.00355
2092,0.099,0.0234,0.00249
2093,0.112,0.024,0.00377
2094,0.102,0.0284,0.00265
2095,0.104,0.0251,0.00399
2096,0.106,0.0257,0.00411
2097,0.12,0.0304,0.00424
2098,0.11,0.0269,0.00299
2099,0.111,0.0275,0.00449
2100,0.113,0.0325,0.00462
2101,0.103,0.0249,0.00182
2102,0.105,0.0294,0.00586
2103,0.107,0.0301,0.00503
2104,0.109,0.0266,0.00431
2105,0.11,0.0315,0.00305
2106,0.112,0.0279,0.0038
2107,0.102,0.0246,0.0018
2108,0.104,0.0252,0.00276
2109,0.106,0.0258,0.00284
2110,0.108,0.0304,0.00293
2111,0.109,0.0311,0.0063
2112,0.111,0.0276,0.00376
2113,0.101,0.0282,0.00321
2114,0.103,0.0288,0.00398
2115,0.105,0.0295,0.0034
2116,0.107,0.0301,0.0035
2117,0.108,0.0267,0.00521
2118,0.11,0.0315,0.00536
2119,0.1,0.0241,0.00383
2120,0.102,0.0246,0.00182
2121,0.116,0.0292,0.00406
2122,0.106,0.0258,0.00236
2123,0.107,0.0264,0.002
2124,0.109,0.027,0.00304
2125,0.111,0.0319,0.00455
2126,0.101,0.0282,0.00469
2127,0.103,0.025,0.00401
2128,0.117,0.0255,0.00343
2129,0.106,0.0194,0.00241
2130,0.108,0.0267,0.00525
2131,0.11,0.0273,0.00211
2132,0.112,0.0279,0.00264
2133,0.114,0.0286,0.00571
2134,0.104,0.0218,0.00491
2135,0.105,0.0299,0.00349
2136,0.107,0.0264,0.00246
2137,0.109,0.027,0.00307
2138,0.111,0.0276,0.00316
2139,0.101,0.0244,0.00326
2140,0.103,0.0289,0.00278
2141,0.116,0.0256,0.00499
2142,0.118,0.0348,0.00614
2143,0.12,0.0309,0.00304
2144,0.11,0.0274,0.00377
2145,0.112,0.0323,0.00467
2146,0.113,0.0286,0.00574
2147,0.103,0.0292,0.00342
2148,0.105,0.0259,0.00424
2149,0.107,0.0265,0.00523
2150,0.109,0.0312,0.00211
2151,0.111,0.0277,0.00264
2152,0.101,0.0326,0.00396
2153,0.102,0.025,0.00407
2154,0.104,0.0256,0.00289
2155,0.106,0.0262,0.00359
2156,0.108,0.0231,0.0014
2157,0.11,0.0316,0.00457
2158,0.111,0.028,0.0047
2159,0.113,0.0286,0.00403
2160,0.103,0.0293,0.00415
2161,0.117,0.0299,0.00294
2162,0.107,0.0306,0.00526
2163,0.109,0.0313,0.00258
2164,0.11,0.032,0.00387
2165,0.112,0.0283,0.00226
2166,0.114,0.029,0.0041
2167,0.116,0.0296,0.00422
2168,0.106,0.0303,0.003
2169,0.108,0.0268,0.00309
2170,0.109,0.0274,0.00383
2171,0.0997,0.028,0.00224
2172,0.113,0.0214,0.00279
2173,0.103,0.0337,0.005
2174,0.105,0.0224,0.00358
2175,0.119,0.0306,0.00442
2176,0.0971,0.0235,0.00315
2177,0.11,0.0278,0.00468
2178,0.1,0.0284,0.00334
2179,0.102,0.0251,0.00344
2180,0.104,0.0257,0.00425
2181,0.106,0.0303,0.00364
2182,0.107,0.0269,0.00375
2183,0.109,0.0275,0.00553
2184,0.111,0.0323,0.0033
2185,0.113,0.0287,0.0034
2186,0.103,0.0254,0.0024
2187,0.105,0.0225,0.00204
2188,0.106,0.0307,0.00371
2189,0.108,0.0272,0.00262
2190,0.11,0.0278,0.00327
2191,0.1,0.0246,0.00279
2192,0.102,0.029,0.00416
2193,0.115,0.0297,0.00727
2194,0.105,0.0303,0.00305
2195,0.107,0.0233,0.00314
2196,0.0976,0.0238,0.00389
2197,0.111,0.0324,0.00228
2198,0.101,0.0249,0.00342
2199,0.103,0.0294,0.00199
2200,0.104,0.026,0.00363
2201,0.118,0.0307,0.00373
2202,0.12,0.0272,0.00384
2203,0.11,0.0278,0.00273
2204,0.1,0.0327,0.00407
2205,0.113,0.0291,0.00419
2206,0.103,0.0258,0.00431
2207,0.117,0.0304,0.00254
2208,0.107,0.0269,0.00545
2209,0.109,0.0275,0.0027
2210,0.11,0.0244,0.00335
2211,0.112,0.0288,0.00286
2212,0.114,0.0255,0.00426
2213,0.116,0.0261,0.00304
2214,0.106,0.0307,0.00259
2215,0.108,0.0236,0.00387
2216,0.109,0.0279,0.00398
2217,0.111,0.0247,0.00283
2218,0.113,0.0291,0.00422
2219,0.115,0.0258,0.00362
2220,0.105,0.0304,0.00256
2221,0.107,0.027,0.00218
2222,0.108,0.0276,0.00472
2223,0.0989,0.0282,0.0028
2224,0.124,0.0331,0.00417
2225,0.114,0.0294,0.00297
2226,0.104,0.0345,0.00441
2227,0.106,0.0231,0.00216
2228,0.107,0.0273,0.0039
2229,0.109,0.0279,0.00334
2230,0.111,0.0285,0.00285
2231,0.113,0.0253,0.00424
2232,0.103,0.0298,0.00364
2233,0.105,0.0264,0.00258
2234,0.106,0.0234,0.00181
2235,0.108,0.0276,0.00274
2236,0.11,0.0244,0.00488
2237,0.112,0.0288,0.00502
2238,0.114,0.0295,0.00516
2239,0.104,0.0301,0.00371
2240,0.105,0.0267,0.00457
2241,0.119,0.0314,0.00224
2242,0.109,0.0242,0.00231
2243,0.111,0.0247,0.00346
2244,0.113,0.0292,0.00356
2245,0.114,0.0298,0.00367
2246,0.104,0.0229,0.00215
2247,0.106,0.0311,0.00323
2248,0.108,0.0318,0.00276
2249,0.11,0.0325,0.00342
2250,0.112,0.025,0.00423
2251,0.113,0.0295,0.00519
2252,0.104,0.0262,0.00311
2253,0.0944,0.0232,0.0032
2254,0.107,0.0273,0.00273
2255,0.109,0.0321,0.00486
2256,0.11,0.0286,0.0029
2257,0.101,0.0253,0.00359
2258,0.114,0.0298,0.00628
2259,0.116,0.0305,0.0038
2260,0.106,0.0234,0.00326
2261,0.108,0.024,0.00402
2262,0.0983,0.0283,0.00345
2263,0.111,0.0289,0.00355
2264,0.113,0.0295,0.00437
2265,0.115,0.0262,0.0045
2266,0.105,0.0232,0.00183
2267,0.107,0.0274,0.00188
2268,0.108,0.0321,0.00284
2269,0.11,0.0286,0.00351
2270,0.112,0.0254,0.00433
2271,0.114,0.0298,0.00372
2272,0.116,0.0305,0.00382
2273,0.106,0.0311,0.00328
2274,0.107,0.0277,0.00404
2275,0.109,0.0283,0.00416
2276,0.111,0.0289,0.00357
2277,0.113,0.0295,0.00254
2278,0.103,0.0262,0.00315
2279,0.105,0.0268,0.00324
2280,0.107,0.0315,0.00478
2281,0.108,0.0322,0.00585
2282,0.11,0.0286,0.00601
2283,0.1,0.0254,0.00435
2284,0.114,0.0299,0.00534
2285,0.115,0.0265,0.00266
2286,0.106,0.0271,0.00396
2287,0.119,0.0365,0.00486
2288,0.109,0.0283,0.00419
2289,0.0996,0.0217,0.00206
2290,0.113,0.0295,0.00256
2291,0.114,0.0346,0.00542
2292,0.105,0.0268,0.00271
2293,0.106,0.0274,0.00403
2294,0.108,0.028,0.00288
2295,0.11,0.0249,0.00426
2296,0.112,0.0292,0.00366
2297,0.113,0.026,0.00376
2298,0.115,0.0305,0.00387
2299,0.117,0.0312,0.00566
2300,0.107,0.0277,0.00342
2301,0.109,0.0283,0.00421
2302,0.111,0.0289,0.00516
2303,0.101,0.0296,0.00372
2304,0.114,0.0263,0.00458
2305,0.104,0.0268,0.00471
2306,0.106,0.0274,0.00338
2307,0.108,0.028,0.00417
2308,0.11,0.0249,0.00298
2309,0.111,0.0336,0.00525
2310,0.113,0.0299,0.00379
2311,0.103,0.0266,0.00465
2312,0.105,0.0272,0.00401
2313,0.107,0.0241,0.00492
2314,0.109,0.0325,0.00424
2315,0.0992,0.0252,0.00436
2316,0.112,0.0296,0.00313
2317,0.114,0.0263,0.00548
2318,0.104,0.0269,0.00563
2319,0.117,0.0315,0.0034
2320,0.108,0.0281,0.00292
2321,0.109,0.0329,0.00431
2322,0.111,0.0293,0.00371
2323,0.113,0.0299,0.00318
2324,0.115,0.0306,0.00468
2325,0.116,0.0272,0.00337
2326,0.107,0.0319,0.0024
2327,0.108,0.0325,0.00508
2328,0.11,0.029,0.00438
2329,0.112,0.0296,0.00377
2330,0.114,0.0346,0.00269
2331,0.115,0.0269,0.00333
2332,0.106,0.0239,0.00237
2333,0.119,0.0322,0.00597
2334,0.121,0.0329,0.00433
2335,0.111,0.0293,0.00259
2336,0.113,0.0299,0.00267
2337,0.114,0.035,0.00394
2338,0.105,0.0312,0.00406
2339,0.106,0.0319,0.00349
2340,0.12,0.0247,0.00299
2341,0.11,0.029,0.00308
2342,0.1,0.0224,0.00317
2343,0.102,0.0263,0.00326
2344,0.104,0.0269,0.00279
2345,0.117,0.0275,0.00163
2346,0.119,0.0281,0.00424
2347,0.109,0.0287,0.00304
2348,0.111,0.0293,0.00179
2349,0.112,0.0261,0.00548
2350,0.103,0.0266,0.0019
2351,0.104,0.0272,0.00486
2352,0.118,0.0319,0.00593
2353,0.108,0.0284,0.00301
2354,0.11,0.029,0.0031
2355,0.111,0.0296,0.00319
2356,0.113,0.0264,0.00188
2357,0.115,0.0354,0.00481
2358,0.117,0.0275,0.00347
2359,0.107,0.0281,0.00298
2360,0.109,0.0329,0.00255
2361,0.122,0.0255,0.00218
2362,0.112,0.03,0.00388
2363,0.103,0.0267,0.00476
2364,0.104,0.0272,0.0058
2365,0.106,0.0242,0.00353
2366,0.108,0.0326,0.00363
2367,0.121,0.0333,0.00312
2368,0.111,0.0258,0.00384
2369,0.113,0.0264,0.00275
2370,0.115,0.0269,0.0034
2371,0.116,0.0275,0.00417
2372,0.107,0.0245,0.00359
2373,0.108,0.025,0.00257
2374,0.11,0.0293,0.00538
2375,0.112,0.0261,0.0039
2376,0.114,0.0306,0.00233
2377,0.115,0.0272,0.00413
2378,0.106,0.0278,0.00297
2379,0.107,0.0284,0.00365
2380,0.109,0.029,0.00376
2381,0.111,0.0297,0.00269
2382,0.112,0.0264,0.00397
2383,0.114,0.027,0.00285
2384,0.116,0.0275,0.00499
2385,0.106,0.0281,0.00608
2386,0.108,0.025,0.00259
2387,0.11,0.0294,0.00319
2388,0.123,0.03,0.00228
2389,0.125,0.0306,0.00404
2390,0.115,0.0313,0.00415
2391,0.117,0.0319,0.00426
2392,0.107,0.0284,0.00521
2393,0.109,0.0291,0.00378
2394,0.122,0.0297,0.00463
2395,0.112,0.0346,0.00564
2396,0.126,0.0309,0.00344
2397,0.116,0.0316,0.00502
2398,0.106,0.0282,0.00304
2399,0.119,0.0288,0.00374
2400,0.109,0.0336,0.00384
2401,0.111,0.03,0.00558
2402,0.113,0.0267,0.00284
2403,0.103,0.0313,0.00167
2404,0.117,0.0319,0.0051
2405,0.107,0.0248,0.00309
2406,0.109,0.0333,0.00453
2407,0.11,0.0297,0.00465
2408,0.112,0.0303,0.00478
2409,0.114,0.0354,0.00346
2410,0.115,0.0276,0.00206
2411,0.106,0.0282,0.00255
2412,0.108,0.0329,0.00532
2413,0.109,0.0294,0.0046
2414,0.111,0.03,0.00561
2415,0.102,0.0306,0.00342
2416,0.114,0.0313,0.00294
2417,0.116,0.0279,0.00302
2418,0.118,0.0285,0.00526
2419,0.12,0.0291,0.0054
2420,0.11,0.0259,0.00229
2421,0.124,0.0303,0.0048
2422,0.113,0.0309,0.00291
2423,0.115,0.0276,0.00357
2424,0.117,0.0282,0.00307
2425,0.119,0.0329,0.00378
2426,0.109,0.0294,0.00272
2427,0.122,0.03,0.00334
2428,0.112,0.0306,0.00805
2429,0.114,0.0313,0.00501
2430,0.105,0.0279,0.00363
2431,0.106,0.0248,0.00261
2432,0.108,0.0291,0.00384